ID,Frase
1,"O time de futebol venceu o campeonato estadual."
2,"O novo uniforme da equipe está disponível para compra."
3,"A Copa do Mundo de 2026 será realizada nos Estados Unidos, Canadá e México."
4,"Ela decidiu usar um vestido vermelho brilhante para o evento."
5,"O jogador foi eleito o melhor atleta do ano."
6,"O desfile de moda na semana passada apresentou as últimas tendências para a primavera."
7,"O campeonato de basquete está se aproximando e os times estão intensamente treinando."
8,"O cientista fez uma descoberta importante sobre a composição dos buracos negros."
9,"A última coleção de verão foi inspirada nas cores vibrantes da natureza."
10,"O novo estádio será inaugurado no próximo mês."
11,"Os tênis da marca X são conhecidos pelo seu conforto e estilo."
12,"O documentário sobre a vida dos astronautas foi transmitido no canal de ciência."
13,"A equipe de vôlei feminino ganhou o torneio internacional."
14,"As revistas de moda estão repletas de novas dicas para o inverno."
15,"Os pesquisadores descobriram uma nova espécie de planta na Amazônia."
16,"A vitória no torneio de xadrez foi um marco na carreira do jogador."
17,"Ela fez um ensaio fotográfico com a nova linha de roupas de inverno."
18,"A conferência sobre mudanças climáticas trouxe especialistas de todo o mundo."
19,"O piloto conquistou o primeiro lugar na corrida de Fórmula 1."
20,"O design minimalista da nova coleção de joias tem sido muito elogiado."
21,"O artigo científico publicado na revista Nature abordou o impacto da poluição nas cidades."
22,"Os atletas se prepararam intensamente para os Jogos Olímpicos de Paris."
23,"O novo tutorial de maquiagem apresenta técnicas para um look sofisticado."
24,"O estudo sobre a teoria das cordas está revolucionando a física moderna."
25,"O torneio de esportes eletrônicos atraiu milhares de espectadores online."
